URL,File,Current Description,Current Length,Optimized Description,Optimized Length,Status,Reasoning
/,src\pages\Index.tsx,"Professional cleaning services across South Florida, Las Vegas, Hawaii, Columbus Ohio, and Dallas. Residential, commercial, and vacation rental cleaning.",153,"Professional cleaning services across South Florida, Las Vegas, Hawaii, Columbus Ohio, and Dallas. Residential, commercial, and vacation rental cleaning.",153,✅ Already Optimized,"Current description is within optimal range"
/about,src\pages\about\+Page.tsx,"Learn about Red Rock Cleaning's commitment to providing exceptional cleaning services across multiple locations.",112,"Learn about Red Rock Cleans' commitment to excellence in residential and commercial cleaning across South Florida, Las Vegas, Hawaii, Columbus, and Dallas.",155,✅ Optimized,"About page: Trust-building with locations"
/about-us,src\pages\AboutUs.tsx,"Learn about Red Rock Cleaning's commitment to excellence in residential and commercial cleaning services across multiple locations.",131,"Learn about Red Rock Cleaning's commitment to excellence in residential and commercial cleaning services across multiple locations.",131,✅ Already Optimized,"Current description is within optimal range"
/airbnb-cleaning,src\pages\AirbnbCleaning.tsx,"Professional Airbnb and vacation rental cleaning services. Fast turnovers, consistent quality, and guest-ready results every time.",130,"Professional Airbnb and vacation rental cleaning services. Fast turnovers, consistent quality, and guest-ready results every time.",130,✅ Already Optimized,"Current description is within optimal range"
/blog,src\pages\Blog.tsx,"Expert cleaning tips, advice, and guides from Red Rock Cleaning professionals. Learn how to maintain a cleaner, healthier home.",127,"Expert cleaning tips, advice, and guides from Red Rock Cleaning professionals. Learn how to maintain a cleaner, healthier home.",127,✅ Already Optimized,"Current description is within optimal range"
/blog/cleaning-tips/6-handy-tips-to-help-you-minimize-your-time-on-housework,src\pages\blog\cleaning-tips\6-handy-tips-to-help-you-minimize-your-time-on-housework\+Page.tsx,"Tired of endless chores? Discover 6 handy tips to help you minimize your time on housework and reclaim your free time.",118,"Tired of endless chores? Discover 6 handy tips to minimize your time on housework and reclaim your free time. Read our time-saving cleaning guide!",146,✅ Optimized,"Blog post: Benefit-focused with natural CTA"
/blog/cleaning-tips/airbnb-bedding-management-you-should-know,src\pages\blog\cleaning-tips\airbnb-bedding-management-you-should-know\+Page.tsx,"Master Airbnb bedding management with expert tips on selecting, maintaining, and rotating linens for 5-star guest reviews and efficient turnover operations.",156,"Master Airbnb bedding management with expert tips on selecting, maintaining, and rotating linens for 5-star guest reviews and efficient turnover operations.",156,✅ Already Optimized,"Current description is within optimal range"
/blog/cleaning-tips/carpet-cleaning-to-remove-flea-infestation,src\pages\blog\cleaning-tips\carpet-cleaning-to-remove-flea-infestation\+Page.tsx,"Dealing with a flea infestation? Our step-by-step guide shows you how professional carpet cleaning can help eradicate fleas from your home for good.",148,"Dealing with a flea infestation? Our step-by-step guide shows you how professional carpet cleaning can help eradicate fleas from your home for good.",148,✅ Already Optimized,"Current description is within optimal range"
/blog/cleaning-tips/grill-maintenance-101-the-ultimate-guide-to-cleaning-your-outdoor-grill,src\pages\blog\cleaning-tips\grill-maintenance-101-the-ultimate-guide-to-cleaning-your-outdoor-grill\+Page.tsx,"Master grill maintenance with our ultimate guide. Learn how to clean your outdoor grill for better taste, longer life, and a healthier cooking experience.",154,"Master grill maintenance with our ultimate guide. Learn how to clean your outdoor grill for better taste, longer life, and a healthier cooking experience.",154,✅ Already Optimized,"Current description is within optimal range"
/blog/cleaning-tips/health-code-violations,src\pages\blog\cleaning-tips\health-code-violations\+Page.tsx,"Learn how to avoid and address health code violations in your business. Discover the role of professional commercial cleaning in maintaining compliance.",152,"Learn how to avoid and address health code violations in your business. Discover the role of professional commercial cleaning in maintaining compliance.",152,✅ Already Optimized,"Current description is within optimal range"
/blog/cleaning-tips/natures-air-purifiers-the-best-plants-for-cleaner-indoor-air,src\pages\blog\cleaning-tips\natures-air-purifiers-the-best-plants-for-cleaner-indoor-air\+Page.tsx,"Discover the best houseplants for naturally purifying your indoor air. Our guide covers top plants, care tips, and how cleaning complements their benefits.",155,"Discover the best houseplants for naturally purifying your indoor air. Our guide covers top plants, care tips, and how cleaning complements their benefits.",155,✅ Already Optimized,"Current description is within optimal range"
/blog/cleaning-tips/step-by-step-guide-effective-techniques-for-removing-ink-stains-from-carpets,src\pages\blog\cleaning-tips\step-by-step-guide-effective-techniques-for-removing-ink-stains-from-carpets\+Page.tsx,"Don't panic over ink stains! Follow our step-by-step guide to effectively remove ink from carpets and learn when to call the professionals for stubborn spots.",158,"Don't panic over ink stains! Follow our step-by-step guide to effectively remove ink from carpets and learn when to call the professionals for stubborn spots.",158,✅ Already Optimized,"Current description is within optimal range"
/blog/cleaning-tips/the-science-of-spring-cleaning,src\pages\blog\cleaning-tips\the-science-of-spring-cleaning\+Page.tsx,"Discover the science of spring cleaning! Learn how decluttering and a deep clean can improve your mood, health, and focus. Get our ultimate checklist.",150,"Discover the science of spring cleaning! Learn how decluttering and a deep clean can improve your mood, health, and focus. Get our ultimate checklist.",150,✅ Already Optimized,"Current description is within optimal range"
/blog/cleaning-tips/why-you-should-host-a-spring-cleaning-party,src\pages\blog\cleaning-tips\why-you-should-host-a-spring-cleaning-party\+Page.tsx,"Turn spring cleaning into a fun event! Learn why you should host a spring cleaning party and how to plan one, plus when to call in the pros for tough jobs.",155,"Turn spring cleaning into a fun event! Learn why you should host a spring cleaning party and how to plan one, plus when to call in the pros for tough jobs.",155,✅ Already Optimized,"Current description is within optimal range"
/blog/cleaning-tips/your-essential-guide-to-the-ultimate-move-out-cleaning-checklist,src\pages\blog\cleaning-tips\your-essential-guide-to-the-ultimate-move-out-cleaning-checklist\+Page.tsx,"Our ultimate move-out cleaning checklist ensures you get your security deposit back. Follow our room-by-room guide for a perfect clean, or hire our pros to do it for you.",170,"Get your security deposit back with our ultimate move-out cleaning checklist. Room-by-room guide for perfect results. Free PDF download!",136,✅ Optimized,"Blog post: Problem-solution with value add"
/book-now-columbus-ohio,src\pages\locations\ColumbusBooking.tsx,"Book your professional cleaning service in Columbus Ohio. Easy online booking for house and office cleaning.",108,"Book professional cleaning in Columbus Ohio instantly. Easy online scheduling for home, office, and Airbnb cleaning. Get your free quote now!",141,✅ Optimized,"Booking page: Convenience-focused with CTA"
/book-now-dallas,src\pages\locations\DallasBooking.tsx,"Book your professional cleaning service in Dallas. Easy online booking for residential and commercial cleaning.",111,"Book professional cleaning in Dallas instantly. Easy online scheduling for home, office, and Airbnb cleaning. Get your free quote now!",134,✅ Optimized,"Booking page: Convenience-focused with CTA"
/book-now-las-vegas,src\pages\locations\LasVegasBooking.tsx,"Book your professional cleaning service in Las Vegas. Easy online booking for residential and commercial cleaning.",114,"Book professional cleaning in Las Vegas instantly. Easy online scheduling for home, office, and Airbnb cleaning. Get your free quote now!",137,✅ Optimized,"Booking page: Convenience-focused with CTA"
/book-now-maui,src\pages\locations\MauiBooking.tsx,"Book your professional cleaning service in Maui. Easy online booking for vacation rental and deep cleaning services.",116,"Book professional cleaning in Maui instantly. Easy online scheduling for home, office, and Airbnb cleaning. Get your free quote now!",132,✅ Optimized,"Booking page: Convenience-focused with CTA"
/book-now-oahu,src\pages\locations\OahuBooking.tsx,"Book your professional cleaning service in Oahu and Honolulu. Easy online booking for residential and vacation rental cleaning.",127,"Book your professional cleaning service in Oahu and Honolulu. Easy online booking for residential and vacation rental cleaning.",127,✅ Already Optimized,"Current description is within optimal range"
/book-now-south-florida,src\pages\locations\SouthFloridaBooking.tsx,"Book your professional cleaning service in South Florida. Easy online booking for residential and vacation rental cleaning.",123,"Book your professional cleaning service in South Florida. Easy online booking for residential and vacation rental cleaning.",123,✅ Already Optimized,"Current description is within optimal range"
/church-cleaning,src\pages\church-cleaning\+Page.tsx,"Professional church cleaning services by Red Rock Cleans. We provide respectful, detailed cleaning for sanctuaries, fellowship halls, and all places of worship. Learn more.",172,"Professional church cleaning services by Red Rock Cleans. Trusted experts delivering exceptional results across all locations. Get your free quote today!",153,✅ Optimized,"General service page: Service-specific benefits with CTA"
/cleaning-supplies,src\pages\CleaningSupplies.tsx,"Complete list of cleaning supplies and equipment needed to work as a Red Rock Cleans contractor. Tools, equipment, and cleaning products checklist.",147,"Complete list of cleaning supplies and equipment needed to work as a Red Rock Cleans contractor. Tools, equipment, and cleaning products checklist.",147,✅ Already Optimized,"Current description is within optimal range"
/columbus-ohio,src\pages\locations\ColumbusHome.tsx,"Professional house and office cleaning in Columbus Ohio. Reliable service with easy online booking. Experience quality you can trust.",133,"Professional house and office cleaning in Columbus Ohio. Reliable service with easy online booking. Experience quality you can trust.",133,✅ Already Optimized,"Current description is within optimal range"
/columbus-ohio-calculator,src\pages\locations\ColumbusCalculator.tsx,"Calculate your cleaning service cost instantly. Get an accurate quote for house and office cleaning in Columbus Ohio.",117,"Get an instant cleaning quote for Columbus Ohio. Calculate costs for house, office, and vacation rental cleaning. Free estimate in seconds!",139,✅ Optimized,"Calculator page: Speed and value proposition"
/columbus-ohio/airbnb-cleaning-services,src\pages\columbus-ohio\airbnb-cleaning-services\+Page.tsx,"Get 5-star reviews with our reliable Airbnb cleaning service in Columbus, OH. Red Rock Cleans offers automated turnover cleaning for vacation rentals in Dublin, the Short North, and beyond.",189,"Earn 5-star guest reviews with Red Rock Cleans' Airbnb cleaning in Columbus & Dublin. Professional fast turnover service. Book automated turnover cleaning!",155,✅ Optimized,"Location + Service: Benefit-driven with location and CTA"
/columbus-ohio/church-cleaning,src\pages\columbus-ohio\church-cleaning\+Page.tsx,"Professional church cleaning services in Columbus, OH. Red Rock Cleans provides respectful, detailed cleaning for places of worship in Dublin, Upper Arlington, and across the area.",180,"Keep your place of worship pristine with Red Rock Cleans' church cleaning in Columbus & Dublin. Professional respectful, detailed service.",138,✅ Optimized,"Location + Service: Benefit-driven with location and CTA"
/columbus-ohio/data-center-cleaning,src\pages\columbus-ohio\data-center-cleaning\+Page.tsx,"Specialized data center cleaning in Columbus, OH. Red Rock Cleans offers ISO 14644-1 compliant server room, sub-floor, and critical environment cleaning in Dublin and New Albany to ensure uptime.",195,"Protect your critical infrastructure with Red Rock Cleans' data center cleaning in Columbus & Dublin. Professional ISO-compliant cleanroom service.",147,✅ Optimized,"Location + Service: Benefit-driven with location and CTA"
/columbus-ohio/deep-cleaning-services,src\pages\columbus-ohio\deep-cleaning-services\+Page.tsx,"Restore your home's sparkle with our thorough deep cleaning service in Columbus, OH. We tackle built-up grime for a truly refreshed home in Dublin, Upper Arlington, and beyond.",176,"Get a truly deep clean with Red Rock Cleans' deep cleaning in Columbus & Dublin. Professional top-to-bottom scrubbing. Book your deep clean today!",146,✅ Optimized,"Location + Service: Benefit-driven with location and CTA"
/columbus-ohio/factory-cleaning,src\pages\columbus-ohio\factory-cleaning\+Page.tsx,"Professional factory cleaning in Columbus, OH. Red Rock Cleans offers heavy-duty cleaning for manufacturing plants in Dublin, Westerville, and beyond to ensure safety and productivity.",184,"Keep your facility safe & productive with Red Rock Cleans' factory cleaning in Columbus & Dublin. Professional heavy-duty industrial service.",141,✅ Optimized,"Location + Service: Benefit-driven with location and CTA"
/columbus-ohio/government-facility-cleaning,src\pages\columbus-ohio\government-facility-cleaning\+Page.tsx,"Secure and compliant government facility cleaning in Columbus, OH. Red Rock Cleans provides discreet, professional cleaning for municipal and federal buildings by security-cleared staff.",186,"Maintain secure facilities with Red Rock Cleans' government cleaning in Columbus & Dublin. Professional security-cleared staff. Schedule a consultation!",152,✅ Optimized,"Location + Service: Benefit-driven with location and CTA"
/columbus-ohio/gym-cleaning,src\pages\columbus-ohio\gym-cleaning\+Page.tsx,"Professional gym cleaning in Columbus, OH. Red Rock Cleans provides hygienic fitness center sanitation, including equipment disinfection, in Dublin, Upper Arlington, and beyond.",177,"Keep members healthy & happy with Red Rock Cleans' gym cleaning in Columbus & Dublin. Professional equipment disinfection. Boost member retention!",146,✅ Optimized,"Location + Service: Benefit-driven with location and CTA"
/columbus-ohio/industrial-cleaning,src\pages\columbus-ohio\industrial-cleaning\+Page.tsx,"Heavy-duty industrial cleaning services in Columbus, OH. Red Rock Cleans provides OSHA compliant cleaning for manufacturing plants and facilities in Dublin, Westerville, and beyond.",181,"Maintain OSHA compliance with Red Rock Cleans' industrial cleaning in Columbus & Dublin. Professional heavy-duty solutions. Schedule your service!",146,✅ Optimized,"Location + Service: Benefit-driven with location and CTA"
/columbus-ohio/medical-office-cleaning,src\pages\columbus-ohio\medical-office-cleaning\+Page.tsx,"Specialized medical office cleaning in Columbus, OH. Red Rock Cleans provides HIPAA and OSHA compliant cleaning for clinics and healthcare facilities in Dublin, Upper Arlington, and beyond.",189,"Ensure patient safety with Red Rock Cleans' medical office cleaning in Columbus & Dublin. Professional HIPAA-compliant service. Protect your patients!",150,✅ Optimized,"Location + Service: Benefit-driven with location and CTA"
/columbus-ohio/move-out-cleaning-services,src\pages\columbus-ohio\move-out-cleaning-services\+Page.tsx,"Secure your deposit with our reliable move out cleaning service in Columbus, OH. We provide thorough end-of-tenancy cleaning in Dublin, Upper Arlington, and beyond. Book today!",176,"Get your deposit back with Red Rock Cleans' move-out cleaning in Columbus & Dublin. Professional end-of-lease perfection. Secure your full deposit!",147,✅ Optimized,"Location + Service: Benefit-driven with location and CTA"
/columbus-ohio/post-construction-cleaning-services,src\pages\columbus-ohio\post-construction-cleaning-services\+Page.tsx,"Professional post construction cleaning in Columbus, OH. Red Rock Cleans handles construction cleanup for new builds and renovations in Dublin, Upper Arlington, and beyond. Get a detailed quote!",194,"Make your space move-in ready with Red Rock Cleans' post-construction cleaning in Columbus & Dublin. Professional dust & debris removal. Get your free quote!",157,✅ Optimized,"Location + Service: Benefit-driven with location and CTA"
/columbus-ohio/restaurant-cleaning,src\pages\columbus-ohio\restaurant-cleaning\+Page.tsx,"Professional restaurant cleaning in Columbus, OH. Red Rock Cleans helps you pass health inspections and earn 5-star reviews with comprehensive kitchen and dining room cleaning.",176,"Pass health inspections with Red Rock Cleans' restaurant cleaning in Columbus & Dublin. Professional kitchen & dining sanitation. Earn 5-star reviews!",150,✅ Optimized,"Location + Service: Benefit-driven with location and CTA"
/columbus-ohio/retail-cleaning,src\pages\columbus-ohio\retail-cleaning\+Page.tsx,"Professional retail store cleaning in Columbus, OH. Red Rock Cleans helps enhance your brand image with spotless storefronts and sales floors in Dublin, the Short North, and beyond.",181,"Impress every customer with Red Rock Cleans' retail cleaning in Columbus & Dublin. Professional spotless storefronts. Enhance your brand!",137,✅ Optimized,"Location + Service: Benefit-driven with location and CTA"
/columbus-ohio/salon-spa-cleaning,src\pages\columbus-ohio\salon-spa-cleaning\+Page.tsx,"Professional salon and spa cleaning in Columbus, OH. Red Rock Cleans ensures a pristine, hygienic, and relaxing environment for hair salons, day spas, and medispas in Dublin and the Short North.",194,"Create a relaxing atmosphere with Red Rock Cleans' salon & spa cleaning in Columbus & Dublin. Professional pristine, hygienic service. Delight your clients!",156,✅ Optimized,"Location + Service: Benefit-driven with location and CTA"
/columbus-ohio/school-cleaning,src\pages\columbus-ohio\school-cleaning\+Page.tsx,"Professional school cleaning services in Columbus, OH. Red Rock Cleans provides a safe and healthy learning environment for students in Dublin, Upper Arlington, and beyond.",172,"Provide a healthy learning environment with Red Rock Cleans' school cleaning in Columbus & Dublin. Professional safe for students. Protect your students!",153,✅ Optimized,"Location + Service: Benefit-driven with location and CTA"
/columbus-ohio/showroom-cleaning,src\pages\columbus-ohio\showroom-cleaning\+Page.tsx,"Professional showroom cleaning in Columbus, OH. Red Rock Cleans enhances your product presentation with meticulous cleaning for car dealerships and luxury retail in Dublin and New Albany.",187,"Showcase products perfectly with Red Rock Cleans' showroom cleaning in Columbus & Dublin. Professional meticulous presentation. Impress every visitor!",150,✅ Optimized,"Location + Service: Benefit-driven with location and CTA"
/columbus-ohio/standard-cleaning-services,src\pages\columbus-ohio\standard-cleaning-services\+Page.tsx,"Keep your Columbus home consistently beautiful with our reliable standard cleaning service. We offer flexible maid services in Dublin, Upper Arlington, and beyond. Get your free quote!",184,"Maintain a spotless home with Red Rock Cleans' standard cleaning in Columbus & Dublin. Professional regular maintenance. Schedule your recurring service!",153,✅ Optimized,"Location + Service: Benefit-driven with location and CTA"
/columbus-ohio/warehouse-cleaning,src\pages\columbus-ohio\warehouse-cleaning\+Page.tsx,"Professional warehouse cleaning in Columbus, OH. Red Rock Cleans improves safety and efficiency with comprehensive floor scrubbing, high-bay dusting, and more for logistics centers.",181,"Improve safety & efficiency with Red Rock Cleans' warehouse cleaning in Columbus & Dublin. Professional floor-to-ceiling service. Get your free estimate!",153,✅ Optimized,"Location + Service: Benefit-driven with location and CTA"
/commercial-cleaning,src\pages\CommercialCleaning.tsx,"Professional commercial cleaning services for offices, retail spaces, and businesses. Maintain a pristine workplace environment.",128,"Professional commercial cleaning services for offices, retail spaces, and businesses. Maintain a pristine workplace environment.",128,✅ Already Optimized,"Current description is within optimal range"
/commercial-cleaning-cost-estimator,src\pages\commercial-cleaning-cost-estimator\index.page.tsx,"Get a free ballpark estimate for your commercial cleaning needs. Budget confidently using industry averages, then refine with your location.",140,"Get a free ballpark estimate for your commercial cleaning needs. Budget confidently using industry averages, then refine with your location.",140,✅ Already Optimized,"Current description is within optimal range"
/commercial-cleaning-estimator,src\pages\CommercialCleaningEstimator.tsx,"Calculate your commercial cleaning costs instantly. Get accurate pricing for office, retail, and business cleaning services across all our locations.",149,"Calculate your commercial cleaning costs instantly. Get accurate pricing for office, retail, and business cleaning services across all our locations.",149,✅ Already Optimized,"Current description is within optimal range"
/commercial-cleaning-time-estimator,src\pages\commercial-cleaning-time-estimator\index.page.tsx,"Use our free tool to estimate how long professional commercial cleaning will take based on ISSA standards. Get an instant time estimate to plan your budget.",156,"Use our free tool to estimate how long professional commercial cleaning will take based on ISSA standards. Get an instant time estimate to plan your budget.",156,✅ Already Optimized,"Current description is within optimal range"
/commercial-quote,src\pages\commercial-quote\index.page.tsx,"❌ MISSING",0,"Professional cleaning services by Red Rock Cleans. Trusted experts serving South Florida, Las Vegas, Hawaii, Columbus, and Dallas. Book online today!",149,✅ Optimized,"Fallback: Keep existing or use generic optimized"
/contact,src\pages\contact\+Page.tsx,"Get in touch with Red Rock Cleaning for professional cleaning services. Contact us today for a free quote.",106,"Contact Red Rock Cleans for professional cleaning in South Florida, Las Vegas, Hawaii, Columbus, and Dallas. Call, email, or book online. Free quotes!",150,✅ Optimized,"Contact page: Multi-channel with locations"
/contact,src\pages\contact\+Page.tsx,"Get in touch with Red Rock Cleaning. Contact information for all our locations including phone numbers and email addresses.",123,"Get in touch with Red Rock Cleaning. Contact information for all our locations including phone numbers and email addresses.",123,✅ Already Optimized,"Current description is within optimal range"
/dallas,src\pages\locations\DallasHome.tsx,"Premium residential and commercial cleaning packages in Dallas. Professional, reliable cleaning services you can trust.",119,"Premium house cleaning in Dallas & Plano by Red Rock Cleans. Residential, commercial, and vacation rental services. Book online today!",134,✅ Optimized,"Location home: City-specific with service types and CTA"
/dallas-calculator,src\pages\locations\DallasCalculator.tsx,"Calculate your cleaning service cost instantly. Get an accurate quote for house and commercial cleaning in Dallas.",114,"Get an instant cleaning quote for Dallas. Calculate costs for house, office, and vacation rental cleaning. Free estimate in seconds!",132,✅ Optimized,"Calculator page: Speed and value proposition"
/dallas/airbnb-cleaning-services,src\pages\dallas\airbnb-cleaning-services\+Page.tsx,"Get 5-star reviews with our reliable Airbnb cleaning service in Dallas. Red Rock Cleans offers automated turnover cleaning for vacation rentals in Uptown, Plano, and beyond.",173,"Earn 5-star guest reviews with Red Rock Cleans' Airbnb cleaning in Dallas & Plano. Professional fast turnover service. Book automated turnover cleaning!",152,✅ Optimized,"Location + Service: Benefit-driven with location and CTA"
/dallas/church-cleaning,src\pages\dallas\church-cleaning\+Page.tsx,"Professional church cleaning services in Dallas. Red Rock Cleans provides respectful, detailed cleaning for places of worship in Plano, Frisco, and across the Dallas area.",171,"Keep your place of worship pristine with Red Rock Cleans' church cleaning in Dallas & Plano. Professional respectful, detailed service.",135,✅ Optimized,"Location + Service: Benefit-driven with location and CTA"
/dallas/data-center-cleaning,src\pages\dallas\data-center-cleaning\+Page.tsx,"Specialized data center cleaning in Dallas. Red Rock Cleans offers ISO 14644-1 compliant server room, sub-floor, and critical environment cleaning in Plano and Frisco to ensure uptime.",184,"Protect your critical infrastructure with Red Rock Cleans' data center cleaning in Dallas & Plano. Professional ISO-compliant cleanroom service.",144,✅ Optimized,"Location + Service: Benefit-driven with location and CTA"
/dallas/deep-cleaning-services,src\pages\dallas\deep-cleaning-services\+Page.tsx,"Restore your home's sparkle with our thorough deep cleaning service in Dallas. We tackle built-up grime for a truly refreshed home in Plano, Frisco, and beyond. Get your free quote!",181,"Get a truly deep clean with Red Rock Cleans' deep cleaning in Dallas & Plano. Professional top-to-bottom scrubbing. Book your deep clean today!",143,✅ Optimized,"Location + Service: Benefit-driven with location and CTA"
/dallas/factory-cleaning,src\pages\dallas\factory-cleaning\+Page.tsx,"Heavy-duty factory cleaning in Dallas. Red Rock Cleans offers comprehensive cleaning for manufacturing plants in Plano, Frisco, and across the Dallas area to ensure safety and productivity.",189,"Keep your facility safe & productive with Red Rock Cleans' factory cleaning in Dallas & Plano. Professional heavy-duty industrial service. Get a custom quote!",158,✅ Optimized,"Location + Service: Benefit-driven with location and CTA"
/dallas/government-facility-cleaning,src\pages\dallas\government-facility-cleaning\+Page.tsx,"Secure and compliant government facility cleaning in Dallas. Red Rock Cleans provides discreet, professional cleaning for municipal and federal buildings in Plano and Frisco by security-cleared staff.",200,"Maintain secure facilities with Red Rock Cleans' government cleaning in Dallas & Plano. Professional security-cleared staff. Schedule a consultation!",149,✅ Optimized,"Location + Service: Benefit-driven with location and CTA"
/dallas/gym-cleaning,src\pages\dallas\gym-cleaning\+Page.tsx,"Professional gym cleaning in Dallas. Red Rock Cleans provides hygienic fitness center and health club sanitation, including equipment disinfection and locker room cleaning in Plano and Frisco.",192,"Keep members healthy & happy with Red Rock Cleans' gym cleaning in Dallas & Plano. Professional equipment disinfection. Boost member retention!",143,✅ Optimized,"Location + Service: Benefit-driven with location and CTA"
/dallas/industrial-cleaning,src\pages\dallas\industrial-cleaning\+Page.tsx,"Heavy-duty industrial cleaning services in Dallas. Red Rock Cleans provides OSHA compliant cleaning for manufacturing plants, equipment, and industrial facilities to ensure safety and uptime.",191,"Maintain OSHA compliance with Red Rock Cleans' industrial cleaning in Dallas & Plano. Professional heavy-duty solutions. Schedule your service!",143,✅ Optimized,"Location + Service: Benefit-driven with location and CTA"
/dallas/medical-office-cleaning,src\pages\dallas\medical-office-cleaning\+Page.tsx,"Specialized medical office cleaning in Dallas. Red Rock Cleans provides HIPAA and OSHA compliant cleaning for clinics and healthcare facilities in Plano, Frisco, and beyond.",173,"Ensure patient safety with Red Rock Cleans' medical office cleaning in Dallas & Plano. Professional HIPAA-compliant service. Protect your patients!",147,✅ Optimized,"Location + Service: Benefit-driven with location and CTA"
/dallas/move-out-cleaning-services,src\pages\dallas\move-out-cleaning-services\+Page.tsx,"Secure your deposit with our reliable move out cleaning service in Dallas. We provide thorough end-of-tenancy cleaning in Plano, Frisco, and beyond. Book today!",160,"Get your deposit back with Red Rock Cleans' move-out cleaning in Dallas & Plano. Professional end-of-lease perfection. Secure your full deposit!",144,✅ Optimized,"Location + Service: Benefit-driven with location and CTA"
/dallas/post-construction-cleaning-services,src\pages\dallas\post-construction-cleaning-services\+Page.tsx,"Professional post construction cleaning service in Dallas. Red Rock Cleans handles construction cleanup for new builds and renovations in Plano, Frisco, and beyond. Get a detailed quote today!",192,"Make your space move-in ready with Red Rock Cleans' post-construction cleaning in Dallas & Plano. Professional dust & debris removal. Get your free quote!",154,✅ Optimized,"Location + Service: Benefit-driven with location and CTA"
/dallas/restaurant-cleaning,src\pages\dallas\restaurant-cleaning\+Page.tsx,"Professional restaurant cleaning in Dallas. Red Rock Cleans helps you pass health inspections and earn 5-star reviews with comprehensive kitchen and dining room cleaning.",170,"Pass health inspections with Red Rock Cleans' restaurant cleaning in Dallas & Plano. Professional kitchen & dining sanitation. Earn 5-star reviews!",147,✅ Optimized,"Location + Service: Benefit-driven with location and CTA"
/dallas/retail-cleaning,src\pages\dallas\retail-cleaning\+Page.tsx,"Professional retail store cleaning in Dallas. Red Rock Cleans helps enhance your brand image and customer experience with spotless storefronts and sales floors in Plano, Frisco, and beyond.",189,"Impress every customer with Red Rock Cleans' retail cleaning in Dallas & Plano. Professional spotless storefronts. Enhance your brand!",134,✅ Optimized,"Location + Service: Benefit-driven with location and CTA"
/dallas/salon-spa-cleaning,src\pages\dallas\salon-spa-cleaning\+Page.tsx,"Professional salon and spa cleaning in Dallas. Red Rock Cleans ensures a pristine, hygienic, and relaxing environment for hair salons, day spas, and medispas in Plano, Frisco, and beyond.",187,"Create a relaxing atmosphere with Red Rock Cleans' salon & spa cleaning in Dallas & Plano. Professional pristine, hygienic service. Delight your clients!",153,✅ Optimized,"Location + Service: Benefit-driven with location and CTA"
/dallas/school-cleaning,src\pages\dallas\school-cleaning\+Page.tsx,"Professional school cleaning services in Dallas. Red Rock Cleans provides a safe and healthy learning environment for students in Plano, Frisco, and across the Dallas area.",172,"Provide a healthy learning environment with Red Rock Cleans' school cleaning in Dallas & Plano. Professional safe for students. Protect your students!",150,✅ Optimized,"Location + Service: Benefit-driven with location and CTA"
/dallas/showroom-cleaning,src\pages\dallas\showroom-cleaning\+Page.tsx,"Professional showroom cleaning in Dallas. Red Rock Cleans enhances your product presentation with meticulous cleaning for car dealerships, furniture stores, and more in Plano and Frisco.",186,"Showcase products perfectly with Red Rock Cleans' showroom cleaning in Dallas & Plano. Professional meticulous presentation. Impress every visitor!",147,✅ Optimized,"Location + Service: Benefit-driven with location and CTA"
/dallas/standard-cleaning-services,src\pages\dallas\standard-cleaning-services\+Page.tsx,"Keep your Dallas home consistently beautiful with our reliable standard cleaning service. We offer flexible maid services in Plano, Frisco, and beyond. Get your free quote!",172,"Maintain a spotless home with Red Rock Cleans' standard cleaning in Dallas & Plano. Professional regular maintenance. Schedule your recurring service!",150,✅ Optimized,"Location + Service: Benefit-driven with location and CTA"
/dallas/warehouse-cleaning,src\pages\dallas\warehouse-cleaning\+Page.tsx,"Professional warehouse cleaning in Dallas. Red Rock Cleans improves safety and efficiency with comprehensive floor scrubbing, high-bay dusting, and more for logistics centers in Plano and Frisco.",195,"Improve safety & efficiency with Red Rock Cleans' warehouse cleaning in Dallas & Plano. Professional floor-to-ceiling service. Get your free estimate!",150,✅ Optimized,"Location + Service: Benefit-driven with location and CTA"
/data-center-cleaning,src\pages\data-center-cleaning\+Page.tsx,"Specialized data center cleaning services. Red Rock Cleans provides professional server room, sub-floor, and critical environment cleaning to prevent downtime. Learn more.",171,"Professional data center cleaning services by Red Rock Cleans. Trusted experts delivering exceptional results across all locations. Get your free quote today!",158,✅ Optimized,"General service page: Service-specific benefits with CTA"
/deep-cleaning,src\pages\DeepCleaning.tsx,"Comprehensive deep cleaning services that reach every corner. Perfect for seasonal cleaning, move-in/out, or thorough home sanitization.",136,"Comprehensive deep cleaning services that reach every corner. Perfect for seasonal cleaning, move-in/out, or thorough home sanitization.",136,✅ Already Optimized,"Current description is within optimal range"
/deep-cleaning-services,src\pages\deep-cleaning-services\+Page.tsx,"Comprehensive deep cleaning services for your home. Thorough cleaning that reaches every corner and surface.",108,"Get a truly deep clean from Red Rock Cleans. Top-to-bottom scrubbing tackles built-up grime for maximum freshness. Book your deep clean today!",142,✅ Optimized,"General service page: Service-specific benefits with CTA"
/f-a-q,src\pages\FAQ.tsx,"Find answers to common questions about our cleaning services, pricing, scheduling, and more.",92,"Find answers to common questions about our cleaning services, pricing, scheduling, and more. Get your free quote today!",119,⚠️ Needs Review,"Fallback: Keep existing or use generic optimized"
/factory-cleaning,src\pages\factory-cleaning\+Page.tsx,"Professional factory cleaning services. Red Rock Cleans provides heavy-duty cleaning for manufacturing plants to ensure safety, compliance, and productivity. Learn more.",169,"Professional factory cleaning services by Red Rock Cleans. Trusted experts delivering exceptional results across all locations. Get your free quote today!",154,✅ Optimized,"General service page: Service-specific benefits with CTA"
/general-retail-cleaning,src\pages\general-retail-cleaning\+Page.tsx,"Professional retail store cleaning services. Red Rock Cleans helps enhance your brand image and customer experience with spotless storefronts, sales floors, and more.",166,"Professional general retail cleaning services by Red Rock Cleans. Trusted experts delivering exceptional results across all locations.",134,✅ Optimized,"General service page: Service-specific benefits with CTA"
/government-facility-cleaning,src\pages\government-facility-cleaning\+Page.tsx,"Secure and compliant government facility cleaning. Red Rock Cleans provides discreet, professional cleaning for municipal, federal, and public buildings by security-cleared staff.",179,"Professional government facility cleaning services by Red Rock Cleans. Trusted experts delivering exceptional results across all locations.",139,✅ Optimized,"General service page: Service-specific benefits with CTA"
/gym-cleaning,src\pages\gym-cleaning\+Page.tsx,"Professional gym and fitness center cleaning services. Sanitize equipment, locker rooms, and common areas with our specialized cleaning protocols.",146,"Professional gym and fitness center cleaning services. Sanitize equipment, locker rooms, and common areas with our specialized cleaning protocols.",146,✅ Already Optimized,"Current description is within optimal range"
/hiring-application-new,src\pages\HiringApplicationNew.tsx,"Apply to join the Red Rock Cleans team. Complete our work application form to start your career in professional cleaning services.",130,"Apply to join the Red Rock Cleans team. Complete our work application form to start your career in professional cleaning services.",130,✅ Already Optimized,"Current description is within optimal range"
/hiring-requirements,src\pages\HiringRequirements.tsx,"Explore career opportunities at Red Rock Cleaning. Learn about our hiring requirements and join our professional cleaning team.",127,"Explore career opportunities at Red Rock Cleaning. Learn about our hiring requirements and join our professional cleaning team.",127,✅ Already Optimized,"Current description is within optimal range"
/index,src\pages\index\+Page.tsx,"Professional cleaning services across South Florida, Las Vegas, Hawaii, Columbus Ohio, and Dallas. Residential, commercial, and vacation rental cleaning.",153,"Professional cleaning services across South Florida, Las Vegas, Hawaii, Columbus Ohio, and Dallas. Residential, commercial, and vacation rental cleaning.",153,✅ Already Optimized,"Current description is within optimal range"
/industrial-cleaning,src\pages\industrial-cleaning\+Page.tsx,"Heavy-duty industrial cleaning services for factories, plants, and warehouses. OSHA-compliant cleaning to protect workers, equipment, and uptime.",145,"Heavy-duty industrial cleaning services for factories, plants, and warehouses. OSHA-compliant cleaning to protect workers, equipment, and uptime.",145,✅ Already Optimized,"Current description is within optimal range"
/las-vegas,src\pages\locations\LasVegasHome.tsx,"Professional residential and commercial cleaning services in Las Vegas and Henderson. Reliable, quality cleaning you can trust.",127,"Professional residential and commercial cleaning services in Las Vegas and Henderson. Reliable, quality cleaning you can trust.",127,✅ Already Optimized,"Current description is within optimal range"
/las-vegas-calculator,src\pages\locations\LasVegasCalculator.tsx,"Calculate your cleaning service cost instantly. Get an accurate quote for house and office cleaning in Las Vegas.",113,"Get an instant cleaning quote for Las Vegas. Calculate costs for house, office, and vacation rental cleaning. Free estimate in seconds!",135,✅ Optimized,"Calculator page: Speed and value proposition"
/las-vegas/airbnb-cleaning-services,src\pages\las-vegas\airbnb-cleaning-services\+Page.tsx,"5-star Airbnb cleaning services in Las Vegas. Red Rock Cleans offers reliable, automated turnover cleaning for vacation rentals to impress every guest. Get your free instant quote today!",186,"Earn 5-star guest reviews with Red Rock Cleans' Airbnb cleaning in Las Vegas & Henderson. Professional fast turnover service.",125,✅ Optimized,"Location + Service: Benefit-driven with location and CTA"
/las-vegas/church-cleaning,src\pages\las-vegas\church-cleaning\+Page.tsx,"Professional church cleaning services in Las Vegas. Red Rock Cleans provides respectful, detailed cleaning for places of worship in Henderson, Summerlin, and across the valley.",176,"Keep your place of worship pristine with Red Rock Cleans' church cleaning in Las Vegas & Henderson. Professional respectful, detailed service.",142,✅ Optimized,"Location + Service: Benefit-driven with location and CTA"
/las-vegas/data-center-cleaning,src\pages\las-vegas\data-center-cleaning\+Page.tsx,"Specialized data center cleaning in Las Vegas. Red Rock Cleans offers ISO 14644-1 compliant server room, sub-floor, and critical environment cleaning to ensure uptime.",167,"Protect your critical infrastructure with Red Rock Cleans' data center cleaning in Las Vegas & Henderson. Professional ISO-compliant cleanroom service.",151,✅ Optimized,"Location + Service: Benefit-driven with location and CTA"
/las-vegas/deep-cleaning-services,src\pages\las-vegas\deep-cleaning-services\+Page.tsx,"Restore your home's sparkle with our thorough deep cleaning service in Las Vegas. Red Rock Cleans tackles built-up grime for a truly refreshed home. Get your free quote!",169,"Get a truly deep clean with Red Rock Cleans' deep cleaning in Las Vegas & Henderson. Professional top-to-bottom scrubbing. Book your deep clean today!",150,✅ Optimized,"Location + Service: Benefit-driven with location and CTA"
/las-vegas/factory-cleaning,src\pages\las-vegas\factory-cleaning\+Page.tsx,"Professional factory cleaning in Las Vegas. Red Rock Cleans offers heavy-duty cleaning for manufacturing plants in Henderson, North Las Vegas, and beyond to ensure safety and productivity.",188,"Keep your facility safe & productive with Red Rock Cleans' factory cleaning in Las Vegas & Henderson. Professional heavy-duty industrial service.",145,✅ Optimized,"Location + Service: Benefit-driven with location and CTA"
/las-vegas/government-facility-cleaning,src\pages\las-vegas\government-facility-cleaning\+Page.tsx,"Secure and compliant government facility cleaning in Las Vegas. Red Rock Cleans provides discreet, professional cleaning for municipal and federal buildings by security-cleared staff.",183,"Maintain secure facilities with Red Rock Cleans' government cleaning in Las Vegas & Henderson. Professional security-cleared staff. Schedule a consultation!",156,✅ Optimized,"Location + Service: Benefit-driven with location and CTA"
/las-vegas/gym-cleaning,src\pages\las-vegas\gym-cleaning\+Page.tsx,"Professional gym cleaning in Las Vegas. Red Rock Cleans provides hygienic fitness center and health club sanitation, including equipment disinfection and locker room cleaning in Henderson and Summerlin.",202,"Keep members healthy & happy with Red Rock Cleans' gym cleaning in Las Vegas & Henderson. Professional equipment disinfection. Boost member retention!",150,✅ Optimized,"Location + Service: Benefit-driven with location and CTA"
/las-vegas/industrial-cleaning,src\pages\las-vegas\industrial-cleaning\+Page.tsx,"Heavy-duty industrial cleaning services in Las Vegas. Red Rock Cleans provides OSHA compliant cleaning for manufacturing plants, equipment, and industrial facilities to ensure safety and uptime.",194,"Maintain OSHA compliance with Red Rock Cleans' industrial cleaning in Las Vegas & Henderson. Professional heavy-duty solutions. Schedule your service!",150,✅ Optimized,"Location + Service: Benefit-driven with location and CTA"
/las-vegas/medical-office-cleaning,src\pages\las-vegas\medical-office-cleaning\+Page.tsx,"Specialized medical office cleaning in Las Vegas. Red Rock Cleans provides HIPAA and OSHA compliant cleaning for clinics and healthcare facilities in Henderson, Summerlin, and beyond.",183,"Ensure patient safety with Red Rock Cleans' medical office cleaning in Las Vegas & Henderson. Professional HIPAA-compliant service. Protect your patients!",154,✅ Optimized,"Location + Service: Benefit-driven with location and CTA"
/las-vegas/move-out-cleaning-services,src\pages\las-vegas\move-out-cleaning-services\+Page.tsx,"Secure your deposit with our reliable move out cleaning service in Las Vegas. Red Rock Cleans provides thorough end-of-tenancy cleaning for renters and sellers. Book today!",172,"Get your deposit back with Red Rock Cleans' move-out cleaning in Las Vegas & Henderson. Professional end-of-lease perfection. Secure your full deposit!",151,✅ Optimized,"Location + Service: Benefit-driven with location and CTA"
/las-vegas/post-construction-cleaning-services,src\pages\las-vegas\post-construction-cleaning-services\+Page.tsx,"Professional post construction cleaning service in Las Vegas. Red Rock Cleans handles all construction cleanup for new builds and renovations. Get your free, detailed quote today!",179,"Make your space move-in ready with Red Rock Cleans' post-construction cleaning in Las Vegas & Henderson. Professional dust & debris removal.",140,✅ Optimized,"Location + Service: Benefit-driven with location and CTA"
/las-vegas/restaurant-cleaning,src\pages\las-vegas\restaurant-cleaning\+Page.tsx,"Professional restaurant cleaning in Las Vegas. Red Rock Cleans helps you pass health inspections and earn 5-star reviews with comprehensive kitchen and dining room cleaning.",173,"Pass health inspections with Red Rock Cleans' restaurant cleaning in Las Vegas & Henderson. Professional kitchen & dining sanitation. Earn 5-star reviews!",154,✅ Optimized,"Location + Service: Benefit-driven with location and CTA"
/las-vegas/retail-cleaning,src\pages\las-vegas\retail-cleaning\+Page.tsx,"Professional retail store cleaning in Las Vegas. Red Rock Cleans helps enhance your brand image and customer experience with spotless storefronts, sales floors, and more.",170,"Impress every customer with Red Rock Cleans' retail cleaning in Las Vegas & Henderson. Professional spotless storefronts. Enhance your brand!",141,✅ Optimized,"Location + Service: Benefit-driven with location and CTA"
/las-vegas/salon-spa-cleaning,src\pages\las-vegas\salon-spa-cleaning\+Page.tsx,"❌ MISSING",0,"Create a relaxing atmosphere with Red Rock Cleans' salon & spa cleaning in Las Vegas & Henderson. Professional pristine, hygienic service.",138,✅ Optimized,"Location + Service: Benefit-driven with location and CTA"
/las-vegas/school-cleaning,src\pages\las-vegas\school-cleaning\+Page.tsx,"Professional school cleaning services in Las Vegas. Red Rock Cleans provides a safe and healthy learning environment for students in Henderson, Summerlin, and across Clark County.",179,"Provide a healthy learning environment with Red Rock Cleans' school cleaning in Las Vegas & Henderson. Professional safe for students. Protect your students!",157,✅ Optimized,"Location + Service: Benefit-driven with location and CTA"
/las-vegas/showroom-cleaning,src\pages\las-vegas\showroom-cleaning\+Page.tsx,"Professional showroom cleaning in Las Vegas. Impeccable floors, glass, and product presentation for dealerships and retail showrooms.",133,"Professional showroom cleaning in Las Vegas. Impeccable floors, glass, and product presentation for dealerships and retail showrooms.",133,✅ Already Optimized,"Current description is within optimal range"
/las-vegas/standard-cleaning-services,src\pages\las-vegas\standard-cleaning-services\+Page.tsx,"Keep your Las Vegas home consistently beautiful with our reliable standard cleaning service. Red Rock Cleans offers flexible maid services for a spotless home. Get your free quote!",180,"Maintain a spotless home with Red Rock Cleans' standard cleaning in Las Vegas & Henderson. Professional regular maintenance. Schedule your recurring service!",157,✅ Optimized,"Location + Service: Benefit-driven with location and CTA"
/las-vegas/warehouse-cleaning,src\pages\las-vegas\warehouse-cleaning\+Page.tsx,"❌ MISSING",0,"Improve safety & efficiency with Red Rock Cleans' warehouse cleaning in Las Vegas & Henderson. Professional floor-to-ceiling service. Get your free estimate!",157,✅ Optimized,"Location + Service: Benefit-driven with location and CTA"
/maidily-app,src\pages\MaidilyApp.tsx,"Learn how to use the Maidily mobile app for managing schedules, tracking jobs, and streamlining your work at Red Rock Cleaning.",127,"Learn how to use the Maidily mobile app for managing schedules, tracking jobs, and streamlining your work at Red Rock Cleaning.",127,✅ Already Optimized,"Current description is within optimal range"
/maui,src\pages\locations\MauiHome.tsx,"Professional vacation rental, deep, and recurring cleaning services in Maui. Premium cleaning for your Hawaiian paradise.",121,"Professional vacation rental, deep, and recurring cleaning services in Maui. Premium cleaning for your Hawaiian paradise.",121,✅ Already Optimized,"Current description is within optimal range"
/maui-calculator,src\pages\locations\MauiCalculator.tsx,"Calculate your cleaning service cost instantly. Get an accurate quote for house and vacation rental cleaning in Maui.",117,"Get an instant cleaning quote for Maui. Calculate costs for house, office, and vacation rental cleaning. Free estimate in seconds!",130,✅ Optimized,"Calculator page: Speed and value proposition"
/maui/airbnb-cleaning-services,src\pages\maui\airbnb-cleaning-services\+Page.tsx,"Get 5-star reviews with our reliable Airbnb cleaning service on Maui. Red Rock Cleans offers automated turnover cleaning for vacation rentals in Wailea, Lahaina, and beyond.",173,"Earn 5-star guest reviews with Red Rock Cleans' Airbnb cleaning in Wailea & Lahaina. Professional fast turnover service. Book automated turnover cleaning!",154,✅ Optimized,"Location + Service: Benefit-driven with location and CTA"
/maui/church-cleaning,src\pages\maui\church-cleaning\+Page.tsx,"Professional church cleaning services on Maui. Red Rock Cleans provides respectful, detailed cleaning for places of worship in Wailea, Lahaina, and across the island.",166,"Keep your place of worship pristine with Red Rock Cleans' church cleaning in Wailea & Lahaina. Professional respectful, detailed service.",137,✅ Optimized,"Location + Service: Benefit-driven with location and CTA"
/maui/data-center-cleaning,src\pages\maui\data-center-cleaning\+Page.tsx,"Specialized data center cleaning on Maui. Red Rock Cleans offers ISO 14644-1 compliant server room, sub-floor, and critical environment cleaning to ensure uptime.",162,"Protect your critical infrastructure with Red Rock Cleans' data center cleaning in Wailea & Lahaina. Professional ISO-compliant cleanroom service.",146,✅ Optimized,"Location + Service: Benefit-driven with location and CTA"
/maui/deep-cleaning-services,src\pages\maui\deep-cleaning-services\+Page.tsx,"Restore your home's sparkle with our thorough deep cleaning service on Maui. Red Rock Cleans tackles built-up grime for a truly refreshed home in Wailea, Lahaina, and beyond. Get your free quote!",195,"Get a truly deep clean with Red Rock Cleans' deep cleaning in Wailea & Lahaina. Professional top-to-bottom scrubbing. Book your deep clean today!",145,✅ Optimized,"Location + Service: Benefit-driven with location and CTA"
/maui/factory-cleaning,src\pages\maui\factory-cleaning\+Page.tsx,"Professional factory cleaning on Maui. Red Rock Cleans offers heavy-duty cleaning for manufacturing plants in Lahaina, Kihei, and beyond to ensure safety and productivity.",171,"Keep your facility safe & productive with Red Rock Cleans' factory cleaning in Wailea & Lahaina. Professional heavy-duty industrial service.",140,✅ Optimized,"Location + Service: Benefit-driven with location and CTA"
/maui/government-facility-cleaning,src\pages\maui\government-facility-cleaning\+Page.tsx,"Secure and compliant government facility cleaning on Maui. Red Rock Cleans provides discreet, professional cleaning for municipal and federal buildings by security-cleared staff.",178,"Maintain secure facilities with Red Rock Cleans' government cleaning in Wailea & Lahaina. Professional security-cleared staff. Schedule a consultation!",151,✅ Optimized,"Location + Service: Benefit-driven with location and CTA"
/maui/gym-cleaning,src\pages\maui\gym-cleaning\+Page.tsx,"Professional gym cleaning on Maui. Red Rock Cleans provides hygienic fitness center and health club sanitation, including equipment disinfection and locker room cleaning in Kihei and Lahaina.",191,"Keep members healthy & happy with Red Rock Cleans' gym cleaning in Wailea & Lahaina. Professional equipment disinfection. Boost member retention!",145,✅ Optimized,"Location + Service: Benefit-driven with location and CTA"
/maui/industrial-cleaning,src\pages\maui\industrial-cleaning\+Page.tsx,"Heavy-duty industrial cleaning services on Maui. Red Rock Cleans provides OSHA compliant cleaning for manufacturing plants, equipment, and industrial facilities to ensure safety and uptime.",189,"Maintain OSHA compliance with Red Rock Cleans' industrial cleaning in Wailea & Lahaina. Professional heavy-duty solutions. Schedule your service!",145,✅ Optimized,"Location + Service: Benefit-driven with location and CTA"
/maui/medical-office-cleaning,src\pages\maui\medical-office-cleaning\+Page.tsx,"Specialized medical office cleaning on Maui. Red Rock Cleans provides HIPAA and OSHA compliant cleaning for clinics and healthcare facilities in Wailea, Lahaina, and beyond.",173,"Ensure patient safety with Red Rock Cleans' medical office cleaning in Wailea & Lahaina. Professional HIPAA-compliant service. Protect your patients!",149,✅ Optimized,"Location + Service: Benefit-driven with location and CTA"
/maui/move-out-cleaning-services,src\pages\maui\move-out-cleaning-services\+Page.tsx,"Secure your deposit with our reliable move out cleaning service on Maui. We provide thorough end-of-tenancy cleaning in Wailea, Lahaina, and beyond. Book today!",160,"Get your deposit back with Red Rock Cleans' move-out cleaning in Wailea & Lahaina. Professional end-of-lease perfection. Secure your full deposit!",146,✅ Optimized,"Location + Service: Benefit-driven with location and CTA"
/maui/post-construction-cleaning-services,src\pages\maui\post-construction-cleaning-services\+Page.tsx,"Professional post construction cleaning on Maui. Red Rock Cleans handles all construction cleanup for new builds and renovations in Wailea, Lahaina, and beyond. Get a detailed quote today!",188,"Make your space move-in ready with Red Rock Cleans' post-construction cleaning in Wailea & Lahaina. Professional dust & debris removal. Get your free quote!",156,✅ Optimized,"Location + Service: Benefit-driven with location and CTA"
/maui/restaurant-cleaning,src\pages\maui\restaurant-cleaning\+Page.tsx,"Professional restaurant cleaning on Maui. Red Rock Cleans helps you pass health inspections and earn 5-star reviews with comprehensive kitchen and dining room cleaning in Lahaina and Kihei.",189,"Pass health inspections with Red Rock Cleans' restaurant cleaning in Wailea & Lahaina. Professional kitchen & dining sanitation. Earn 5-star reviews!",149,✅ Optimized,"Location + Service: Benefit-driven with location and CTA"
/maui/retail-cleaning,src\pages\maui\retail-cleaning\+Page.tsx,"Professional retail store cleaning on Maui. Red Rock Cleans helps enhance your brand image and customer experience with spotless storefronts and sales floors in Wailea, Lahaina, and beyond.",189,"Impress every customer with Red Rock Cleans' retail cleaning in Wailea & Lahaina. Professional spotless storefronts. Enhance your brand!",136,✅ Optimized,"Location + Service: Benefit-driven with location and CTA"
/maui/salon-spa-cleaning,src\pages\maui\salon-spa-cleaning\+Page.tsx,"Professional salon and spa cleaning on Maui. Red Rock Cleans ensures a pristine, hygienic, and relaxing environment for hair salons, day spas, and medispas in Wailea, Lahaina, and beyond.",187,"Create a relaxing atmosphere with Red Rock Cleans' salon & spa cleaning in Wailea & Lahaina. Professional pristine, hygienic service. Delight your clients!",155,✅ Optimized,"Location + Service: Benefit-driven with location and CTA"
/maui/school-cleaning,src\pages\maui\school-cleaning\+Page.tsx,"Professional school cleaning services on Maui. Red Rock Cleans provides a safe and healthy learning environment for students in Kihei, Lahaina, and across the island.",166,"Provide a healthy learning environment with Red Rock Cleans' school cleaning in Wailea & Lahaina. Professional safe for students. Protect your students!",152,✅ Optimized,"Location + Service: Benefit-driven with location and CTA"
/maui/showroom-cleaning,src\pages\maui\showroom-cleaning\+Page.tsx,"Professional showroom cleaning on Maui. Red Rock Cleans enhances your product presentation with meticulous cleaning for car dealerships, furniture stores, and more in Wailea and Lahaina.",186,"Showcase products perfectly with Red Rock Cleans' showroom cleaning in Wailea & Lahaina. Professional meticulous presentation. Impress every visitor!",149,✅ Optimized,"Location + Service: Benefit-driven with location and CTA"
/maui/standard-cleaning-services,src\pages\maui\standard-cleaning-services\+Page.tsx,"Keep your Maui home consistently beautiful with our reliable standard cleaning service. We offer flexible maid services in Wailea, Kihei, and beyond. Get your free quote!",170,"Maintain a spotless home with Red Rock Cleans' standard cleaning in Wailea & Lahaina. Professional regular maintenance. Schedule your recurring service!",152,✅ Optimized,"Location + Service: Benefit-driven with location and CTA"
/maui/warehouse-cleaning,src\pages\maui\warehouse-cleaning\+Page.tsx,"Professional warehouse cleaning on Maui. Red Rock Cleans improves safety and efficiency with comprehensive floor scrubbing, high-bay dusting, and more for logistics centers.",173,"Improve safety & efficiency with Red Rock Cleans' warehouse cleaning in Wailea & Lahaina. Professional floor-to-ceiling service. Get your free estimate!",152,✅ Optimized,"Location + Service: Benefit-driven with location and CTA"
/medical-office-cleaning,src\pages\medical-office-cleaning\+Page.tsx,"Specialized medical office cleaning services. Red Rock Cleans provides HIPAA and OSHA compliant cleaning for clinics and healthcare facilities to ensure patient safety. Learn more.",180,"Professional medical office cleaning services by Red Rock Cleans. Trusted experts delivering exceptional results across all locations.",134,✅ Optimized,"General service page: Service-specific benefits with CTA"
/move-out-cleaning,src\pages\MoveOutCleaning.tsx,"Professional move out cleaning services. Get your security deposit back with our thorough move-out cleaning. Available in South Florida, Las Vegas, Hawaii, Columbus Ohio, and Dallas.",182,"Get your full security deposit back with Red Rock Cleans' move-out cleaning. Thorough end-of-lease cleaning guaranteed. Book your move-out clean!",145,✅ Optimized,"General service page: Service-specific benefits with CTA"
/not-found,src\pages\NotFound.tsx,"❌ MISSING",0,"Professional cleaning services by Red Rock Cleans. Trusted experts serving South Florida, Las Vegas, Hawaii, Columbus, and Dallas. Book online today!",149,✅ Optimized,"Fallback: Keep existing or use generic optimized"
/oahu,src\pages\locations\OahuHome.tsx,"Professional residential and vacation rental cleaning services in Oahu and Honolulu. Experience premium Hawaiian cleaning services.",131,"Professional residential and vacation rental cleaning services in Oahu and Honolulu. Experience premium Hawaiian cleaning services.",131,✅ Already Optimized,"Current description is within optimal range"
/oahu-calculator,src\pages\locations\OahuCalculator.tsx,"Calculate your cleaning service cost instantly. Get an accurate quote for house cleaning in Oahu and Honolulu.",110,"Get an instant cleaning quote for Oahu. Calculate costs for house, office, and vacation rental cleaning. Free estimate in seconds!",130,✅ Optimized,"Calculator page: Speed and value proposition"
/oahu/airbnb-cleaning-services,src\pages\oahu\airbnb-cleaning-services\+Page.tsx,"Get 5-star reviews with our reliable Airbnb cleaning service on Oahu. Red Rock Cleans offers automated turnover cleaning for vacation rentals in Honolulu, Waikiki, and beyond.",175,"Earn 5-star guest reviews with Red Rock Cleans' Airbnb cleaning in Honolulu & Waikiki. Professional fast turnover service. Book automated turnover cleaning!",156,✅ Optimized,"Location + Service: Benefit-driven with location and CTA"
/oahu/church-cleaning,src\pages\oahu\church-cleaning\+Page.tsx,"Professional church cleaning services on Oahu. Red Rock Cleans provides respectful, detailed cleaning for places of worship in Honolulu, Kailua, and across the island.",167,"Keep your place of worship pristine with Red Rock Cleans' church cleaning in Honolulu & Waikiki. Professional respectful, detailed service.",139,✅ Optimized,"Location + Service: Benefit-driven with location and CTA"
/oahu/data-center-cleaning,src\pages\oahu\data-center-cleaning\+Page.tsx,"Specialized data center cleaning on Oahu. Red Rock Cleans offers ISO 14644-1 compliant server room, sub-floor, and critical environment cleaning in Honolulu and across the island to ensure uptime.",196,"Protect your critical infrastructure with Red Rock Cleans' data center cleaning in Honolulu & Waikiki. Professional ISO-compliant cleanroom service.",148,✅ Optimized,"Location + Service: Benefit-driven with location and CTA"
/oahu/deep-cleaning-services,src\pages\oahu\deep-cleaning-services\+Page.tsx,"Restore your home's sparkle with our thorough deep cleaning service on Oahu. Red Rock Cleans tackles built-up grime for a truly refreshed home in Honolulu and beyond. Get your free quote!",187,"Get a truly deep clean with Red Rock Cleans' deep cleaning in Honolulu & Waikiki. Professional top-to-bottom scrubbing. Book your deep clean today!",147,✅ Optimized,"Location + Service: Benefit-driven with location and CTA"
/oahu/factory-cleaning,src\pages\oahu\factory-cleaning\+Page.tsx,"Professional factory cleaning on Oahu. Red Rock Cleans offers heavy-duty cleaning for manufacturing plants in Honolulu, Kapolei, and beyond to ensure safety and productivity.",174,"Keep your facility safe & productive with Red Rock Cleans' factory cleaning in Honolulu & Waikiki. Professional heavy-duty industrial service.",142,✅ Optimized,"Location + Service: Benefit-driven with location and CTA"
/oahu/government-facility-cleaning,src\pages\oahu\government-facility-cleaning\+Page.tsx,"Secure and compliant government facility cleaning on Oahu. Red Rock Cleans provides discreet, professional cleaning for municipal and federal buildings in Honolulu and across the island by security-cleared staff.",212,"Maintain secure facilities with Red Rock Cleans' government cleaning in Honolulu & Waikiki. Professional security-cleared staff. Schedule a consultation!",153,✅ Optimized,"Location + Service: Benefit-driven with location and CTA"
/oahu/gym-cleaning,src\pages\oahu\gym-cleaning\+Page.tsx,"Professional gym cleaning on Oahu. Red Rock Cleans provides hygienic fitness center and health club sanitation, including equipment disinfection and locker room cleaning in Honolulu and Kailua.",193,"Keep members healthy & happy with Red Rock Cleans' gym cleaning in Honolulu & Waikiki. Professional equipment disinfection. Boost member retention!",147,✅ Optimized,"Location + Service: Benefit-driven with location and CTA"
/oahu/industrial-cleaning,src\pages\oahu\industrial-cleaning\+Page.tsx,"Heavy-duty industrial cleaning services on Oahu. Red Rock Cleans provides OSHA compliant cleaning for manufacturing plants, equipment, and industrial facilities in Honolulu and Kapolei.",185,"Maintain OSHA compliance with Red Rock Cleans' industrial cleaning in Honolulu & Waikiki. Professional heavy-duty solutions. Schedule your service!",147,✅ Optimized,"Location + Service: Benefit-driven with location and CTA"
/oahu/medical-office-cleaning,src\pages\oahu\medical-office-cleaning\+Page.tsx,"Specialized medical office cleaning on Oahu. Red Rock Cleans provides HIPAA and OSHA compliant cleaning for clinics and healthcare facilities in Honolulu, Kailua, and beyond.",174,"Ensure patient safety with Red Rock Cleans' medical office cleaning in Honolulu & Waikiki. Professional HIPAA-compliant service. Protect your patients!",151,✅ Optimized,"Location + Service: Benefit-driven with location and CTA"
/oahu/move-out-cleaning-services,src\pages\oahu\move-out-cleaning-services\+Page.tsx,"Secure your deposit with our reliable move out cleaning service on Oahu. Red Rock Cleans provides thorough end-of-tenancy cleaning for renters and sellers in Honolulu and beyond. Book today!",190,"Get your deposit back with Red Rock Cleans' move-out cleaning in Honolulu & Waikiki. Professional end-of-lease perfection. Secure your full deposit!",148,✅ Optimized,"Location + Service: Benefit-driven with location and CTA"
/oahu/post-construction-cleaning-services,src\pages\oahu\post-construction-cleaning-services\+Page.tsx,"Professional post construction cleaning on Oahu. Red Rock Cleans handles all construction cleanup for new builds and renovations in Honolulu and beyond. Get a detailed quote today!",180,"Make your space move-in ready with Red Rock Cleans' post-construction cleaning in Honolulu & Waikiki. Professional dust & debris removal. Get your free quote!",158,✅ Optimized,"Location + Service: Benefit-driven with location and CTA"
/oahu/restaurant-cleaning,src\pages\oahu\restaurant-cleaning\+Page.tsx,"Professional restaurant cleaning on Oahu. Red Rock Cleans helps you pass health inspections and earn 5-star reviews with comprehensive kitchen and dining room cleaning in Honolulu and Waikiki.",192,"Pass health inspections with Red Rock Cleans' restaurant cleaning in Honolulu & Waikiki. Professional kitchen & dining sanitation. Earn 5-star reviews!",151,✅ Optimized,"Location + Service: Benefit-driven with location and CTA"
/oahu/retail-cleaning,src\pages\oahu\retail-cleaning\+Page.tsx,"Professional retail store cleaning on Oahu. Red Rock Cleans helps enhance your brand image and customer experience with spotless storefronts and sales floors in Honolulu, Waikiki, and beyond.",191,"Impress every customer with Red Rock Cleans' retail cleaning in Honolulu & Waikiki. Professional spotless storefronts. Enhance your brand!",138,✅ Optimized,"Location + Service: Benefit-driven with location and CTA"
/oahu/salon-spa-cleaning,src\pages\oahu\salon-spa-cleaning\+Page.tsx,"Professional salon and spa cleaning on Oahu. Red Rock Cleans ensures a pristine, hygienic, and relaxing environment for hair salons, day spas, and medispas in Honolulu and Waikiki.",180,"Create a relaxing atmosphere with Red Rock Cleans' salon & spa cleaning in Honolulu & Waikiki. Professional pristine, hygienic service. Delight your clients!",157,✅ Optimized,"Location + Service: Benefit-driven with location and CTA"
/oahu/school-cleaning,src\pages\oahu\school-cleaning\+Page.tsx,"Professional school cleaning services on Oahu. Red Rock Cleans provides a safe and healthy learning environment for students in Honolulu, Kailua, and across the island.",168,"Provide a healthy learning environment with Red Rock Cleans' school cleaning in Honolulu & Waikiki. Professional safe for students. Protect your students!",154,✅ Optimized,"Location + Service: Benefit-driven with location and CTA"
/oahu/showroom-cleaning,src\pages\oahu\showroom-cleaning\+Page.tsx,"Professional showroom cleaning on Oahu. Red Rock Cleans enhances your product presentation with meticulous cleaning for car dealerships, furniture stores, and more in Honolulu and Waikiki.",188,"Showcase products perfectly with Red Rock Cleans' showroom cleaning in Honolulu & Waikiki. Professional meticulous presentation. Impress every visitor!",151,✅ Optimized,"Location + Service: Benefit-driven with location and CTA"
/oahu/standard-cleaning-services,src\pages\oahu\standard-cleaning-services\+Page.tsx,"Keep your home consistently beautiful with our reliable standard cleaning service on Oahu. Red Rock Cleans offers flexible maid services in Honolulu and beyond. Get your free quote!",181,"Maintain a spotless home with Red Rock Cleans' standard cleaning in Honolulu & Waikiki. Professional regular maintenance. Schedule your recurring service!",154,✅ Optimized,"Location + Service: Benefit-driven with location and CTA"
/oahu/warehouse-cleaning,src\pages\oahu\warehouse-cleaning\+Page.tsx,"Professional warehouse cleaning on Oahu. Red Rock Cleans improves safety and efficiency with comprehensive floor scrubbing, high-bay dusting, and more for logistics centers in Honolulu and Kapolei.",197,"Improve safety & efficiency with Red Rock Cleans' warehouse cleaning in Honolulu & Waikiki. Professional floor-to-ceiling service. Get your free estimate!",154,✅ Optimized,"Location + Service: Benefit-driven with location and CTA"
/post-construction,src\pages\PostConstruction.tsx,"Specialized post-construction cleaning to remove dust, debris, and make your newly built or renovated space move-in ready.",122,"Specialized post-construction cleaning to remove dust, debris, and make your newly built or renovated space move-in ready.",122,✅ Already Optimized,"Current description is within optimal range"
/privacy-policy,src\pages\PrivacyPolicy.tsx,"Review the Red Rock Cleans privacy policy. Learn how we collect, use, and protect your personal information when you use our website and services.",146,"Review the Red Rock Cleans privacy policy. Learn how we collect, use, and protect your personal information when you use our website and services.",146,✅ Already Optimized,"Current description is within optimal range"
/residential-cleaning,src\pages\ResidentialCleaning.tsx,"Professional residential cleaning services for your home. From regular maintenance to deep cleaning, we keep your house spotless.",129,"Professional residential cleaning services for your home. From regular maintenance to deep cleaning, we keep your house spotless.",129,✅ Already Optimized,"Current description is within optimal range"
/restaurant-cleaning,src\pages\restaurant-cleaning\+Page.tsx,"Professional restaurant cleaning services. We help you pass health inspections and earn 5-star reviews with comprehensive kitchen and dining room cleaning.",155,"Professional restaurant cleaning services. We help you pass health inspections and earn 5-star reviews with comprehensive kitchen and dining room cleaning.",155,✅ Already Optimized,"Current description is within optimal range"
/salon-spa-cleaning,src\pages\salon-spa-cleaning\+Page.tsx,"Professional salon and spa cleaning services. Red Rock Cleans ensures pristine, hygienic, and relaxing environments for hair salons, day spas, nail salons, and medispas.",169,"Professional salon spa cleaning services by Red Rock Cleans. Trusted experts delivering exceptional results across all locations. Get your free quote today!",156,✅ Optimized,"General service page: Service-specific benefits with CTA"
/school-cleaning,src\pages\school-cleaning\+Page.tsx,"Professional school cleaning services. Red Rock Cleans provides a safe and healthy learning environment for students and staff with our comprehensive janitorial services.",170,"Professional school cleaning services by Red Rock Cleans. Trusted experts delivering exceptional results across all locations. Get your free quote today!",153,✅ Optimized,"General service page: Service-specific benefits with CTA"
/showroom-cleaning,src\pages\showroom-cleaning\+Page.tsx,"Professional showroom cleaning services. Red Rock Cleans enhances your product presentation and client experience with meticulous cleaning for car dealerships, furniture stores, and more.",187,"Professional showroom cleaning services by Red Rock Cleans. Trusted experts delivering exceptional results across all locations. Get your free quote today!",155,✅ Optimized,"General service page: Service-specific benefits with CTA"
/sitemap,src\pages\Sitemap.tsx,"Browse our complete sitemap to find all Red Rock Cleaning pages and services.",77,"Browse Red Rock Cleans' complete sitemap. Find all cleaning services, locations, resources, and pages. Quickly navigate to what you need!",137,✅ Optimized,"Sitemap: Navigation utility"
/south-florida,src\pages\locations\SouthFloridaHome.tsx,"Servicios premium de limpieza residencial y de alquiler vacacional en el sur de Florida, Weston, y Fort Lauderdale. Reserva tu servicio de limpieza profesional hoy.",164,"Premium house cleaning in Fort Lauderdale & Weston by Red Rock Cleans. Residential, commercial, and vacation rental services. Book online today!",144,✅ Optimized,"Location home: City-specific with service types and CTA"
/south-florida-calculator,src\pages\locations\SouthFloridaCalculator.tsx,"Calculate your cleaning service cost instantly. Get an accurate quote for house cleaning in South Florida, Weston, and Fort Lauderdale.",135,"Calculate your cleaning service cost instantly. Get an accurate quote for house cleaning in South Florida, Weston, and Fort Lauderdale.",135,✅ Already Optimized,"Current description is within optimal range"
/south-florida/airbnb-cleaning-services,src\pages\south-florida\airbnb-cleaning-services\+Page.tsx,"Get 5-star reviews with our reliable Airbnb cleaning service in South Florida. Red Rock Cleans offers automated turnover cleaning for vacation rentals in Fort Lauderdale, Weston, and beyond.",190,"Earn 5-star guest reviews with Red Rock Cleans' Airbnb cleaning in Fort Lauderdale & Weston. Professional fast turnover service.",128,✅ Optimized,"Location + Service: Benefit-driven with location and CTA"
/south-florida/church-cleaning,src\pages\south-florida\church-cleaning\+Page.tsx,"Professional church cleaning services in South Florida. Red Rock Cleans provides respectful, detailed cleaning for places of worship in Fort Lauderdale, Weston, and across the region.",183,"Keep your place of worship pristine with Red Rock Cleans' church cleaning in Fort Lauderdale & Weston. Professional respectful, detailed service.",145,✅ Optimized,"Location + Service: Benefit-driven with location and CTA"
/south-florida/data-center-cleaning,src\pages\south-florida\data-center-cleaning\+Page.tsx,"Specialized data center cleaning in South Florida. Red Rock Cleans offers ISO 14644-1 compliant server room, sub-floor, and critical environment cleaning in Fort Lauderdale and Weston to ensure uptime.",201,"Protect your critical infrastructure with Red Rock Cleans' data center cleaning in Fort Lauderdale & Weston. Professional ISO-compliant cleanroom service.",154,✅ Optimized,"Location + Service: Benefit-driven with location and CTA"
/south-florida/deep-cleaning-services,src\pages\south-florida\deep-cleaning-services\+Page.tsx,"Restore your home's sparkle with our thorough deep cleaning service in South Florida. We tackle built-up grime for a truly refreshed home in Fort Lauderdale, Weston, and beyond.",177,"Get a truly deep clean with Red Rock Cleans' deep cleaning in Fort Lauderdale & Weston. Professional top-to-bottom scrubbing. Book your deep clean today!",153,✅ Optimized,"Location + Service: Benefit-driven with location and CTA"
/south-florida/factory-cleaning,src\pages\south-florida\factory-cleaning\+Page.tsx,"Professional factory cleaning in South Florida. Red Rock Cleans offers heavy-duty cleaning for manufacturing plants in Fort Lauderdale, Weston, and beyond to ensure safety and productivity.",189,"Keep your facility safe & productive with Red Rock Cleans' factory cleaning in Fort Lauderdale & Weston. Professional heavy-duty industrial service.",148,✅ Optimized,"Location + Service: Benefit-driven with location and CTA"
/south-florida/government-facility-cleaning,src\pages\south-florida\government-facility-cleaning\+Page.tsx,"Secure and compliant government facility cleaning in South Florida. Red Rock Cleans provides discreet, professional cleaning for municipal and federal buildings in Fort Lauderdale and Weston by security-cleared staff.",217,"Maintain secure facilities with Red Rock Cleans' government cleaning in Fort Lauderdale & Weston. Professional security-cleared staff.",134,✅ Optimized,"Location + Service: Benefit-driven with location and CTA"
/south-florida/gym-cleaning,src\pages\south-florida\gym-cleaning\+Page.tsx,"Professional gym cleaning in South Florida. Red Rock Cleans provides hygienic fitness center and health club sanitation, including equipment disinfection and locker room cleaning in Fort Lauderdale and Weston.",209,"Keep members healthy & happy with Red Rock Cleans' gym cleaning in Fort Lauderdale & Weston. Professional equipment disinfection. Boost member retention!",153,✅ Optimized,"Location + Service: Benefit-driven with location and CTA"
/south-florida/industrial-cleaning,src\pages\south-florida\industrial-cleaning\+Page.tsx,"Heavy-duty industrial cleaning services in South Florida. Red Rock Cleans provides OSHA compliant cleaning for manufacturing plants and industrial facilities in Fort Lauderdale and beyond.",188,"Maintain OSHA compliance with Red Rock Cleans' industrial cleaning in Fort Lauderdale & Weston. Professional heavy-duty solutions. Schedule your service!",153,✅ Optimized,"Location + Service: Benefit-driven with location and CTA"
/south-florida/medical-office-cleaning,src\pages\south-florida\medical-office-cleaning\+Page.tsx,"Specialized medical office cleaning in South Florida. Red Rock Cleans provides HIPAA and OSHA compliant cleaning for clinics and healthcare facilities in Fort Lauderdale, Weston, and beyond.",190,"Ensure patient safety with Red Rock Cleans' medical office cleaning in Fort Lauderdale & Weston. Professional HIPAA-compliant service. Protect your patients!",157,✅ Optimized,"Location + Service: Benefit-driven with location and CTA"
/south-florida/move-out-cleaning-services,src\pages\south-florida\move-out-cleaning-services\+Page.tsx,"Secure your deposit with our reliable move out cleaning service in South Florida. Red Rock Cleans provides thorough end-of-tenancy cleaning for renters and sellers in Fort Lauderdale, Weston, and beyond. Book today!",215,"Get your deposit back with Red Rock Cleans' move-out cleaning in Fort Lauderdale & Weston. Professional end-of-lease perfection. Secure your full deposit!",154,✅ Optimized,"Location + Service: Benefit-driven with location and CTA"
/south-florida/post-construction-cleaning-services,src\pages\south-florida\post-construction-cleaning-services\+Page.tsx,"Professional post construction cleaning service in South Florida. Red Rock Cleans handles construction cleanup for new builds and renovations in Fort Lauderdale, Weston, and beyond. Get a quote!",194,"Make your space move-in ready with Red Rock Cleans' post-construction cleaning in Fort Lauderdale & Weston. Professional dust & debris removal.",143,✅ Optimized,"Location + Service: Benefit-driven with location and CTA"
/south-florida/restaurant-cleaning,src\pages\south-florida\restaurant-cleaning\+Page.tsx,"Professional restaurant cleaning in South Florida. Red Rock Cleans helps you pass health inspections and earn 5-star reviews with comprehensive kitchen and dining room cleaning.",177,"Pass health inspections with Red Rock Cleans' restaurant cleaning in Fort Lauderdale & Weston. Professional kitchen & dining sanitation. Earn 5-star reviews!",157,✅ Optimized,"Location + Service: Benefit-driven with location and CTA"
/south-florida/retail-cleaning,src\pages\south-florida\retail-cleaning\+Page.tsx,"Professional retail store cleaning in South Florida. Red Rock Cleans helps enhance your brand image with spotless storefronts and sales floors in Fort Lauderdale, Weston, and beyond.",182,"Impress every customer with Red Rock Cleans' retail cleaning in Fort Lauderdale & Weston. Professional spotless storefronts. Enhance your brand!",144,✅ Optimized,"Location + Service: Benefit-driven with location and CTA"
/south-florida/salon-spa-cleaning,src\pages\south-florida\salon-spa-cleaning\+Page.tsx,"Professional salon and spa cleaning in South Florida. Red Rock Cleans ensures a pristine, hygienic, and relaxing environment for hair salons, day spas, and medispas in Fort Lauderdale and Weston.",195,"Create a relaxing atmosphere with Red Rock Cleans' salon & spa cleaning in Fort Lauderdale & Weston. Professional pristine, hygienic service.",141,✅ Optimized,"Location + Service: Benefit-driven with location and CTA"
/south-florida/school-cleaning,src\pages\south-florida\school-cleaning\+Page.tsx,"Professional school cleaning services in South Florida. Red Rock Cleans provides a safe and healthy learning environment for students in Fort Lauderdale, Weston, and across Broward County.",188,"Provide a healthy learning environment with Red Rock Cleans' school cleaning in Fort Lauderdale & Weston. Professional safe for students.",137,✅ Optimized,"Location + Service: Benefit-driven with location and CTA"
/south-florida/showroom-cleaning,src\pages\south-florida\showroom-cleaning\+Page.tsx,"Professional showroom cleaning in South Florida. Red Rock Cleans enhances your product presentation with meticulous cleaning for car dealerships and luxury retail in Fort Lauderdale and Weston.",193,"Showcase products perfectly with Red Rock Cleans' showroom cleaning in Fort Lauderdale & Weston. Professional meticulous presentation. Impress every visitor!",157,✅ Optimized,"Location + Service: Benefit-driven with location and CTA"
/south-florida/standard-cleaning-services,src\pages\south-florida\standard-cleaning-services\+Page.tsx,"Keep your home consistently beautiful with our reliable standard cleaning service in South Florida. We offer flexible maid services in Fort Lauderdale, Weston, and beyond. Get your free quote!",192,"Maintain a spotless home with Red Rock Cleans' standard cleaning in Fort Lauderdale & Weston. Professional regular maintenance.",127,✅ Optimized,"Location + Service: Benefit-driven with location and CTA"
/south-florida/warehouse-cleaning,src\pages\south-florida\warehouse-cleaning\+Page.tsx,"Professional warehouse cleaning in South Florida. Red Rock Cleans improves safety and efficiency with comprehensive floor scrubbing, high-bay dusting, and more for logistics centers in Fort Lauderdale.",201,"Improve safety & efficiency with Red Rock Cleans' warehouse cleaning in Fort Lauderdale & Weston. Professional floor-to-ceiling service.",136,✅ Optimized,"Location + Service: Benefit-driven with location and CTA"
/standard-cleaning,src\pages\StandardCleaning.tsx,"Servicios de limpieza estándar regular para mantener un hogar u oficina impecable. Limpiadores profesionales para un mantenimiento constante y confiable.",153,"Servicios de limpieza estándar regular para mantener un hogar u oficina impecable. Limpiadores profesionales para un mantenimiento constante y confiable.",153,✅ Already Optimized,"Current description is within optimal range"
/standard-cleaning-services,src\pages\standard-cleaning-services\+Page.tsx,"Professional standard cleaning services for your home. Regular maintenance cleaning to keep your space spotless.",112,"Keep your home spotless with Red Rock Cleans' standard cleaning service. Regular maintenance for consistent freshness. Schedule your recurring service!",151,✅ Optimized,"General service page: Service-specific benefits with CTA"
/standard-vs-deep,src\pages\StandardVsDeep.tsx,"Understand the differences between standard and deep cleaning services to choose the right option for your home or business.",124,"Understand the differences between standard and deep cleaning services to choose the right option for your home or business.",124,✅ Already Optimized,"Current description is within optimal range"
/sub-contractor-agreement,src\pages\SubContractorAgreement.tsx,"Complete your sub-contractor agreement with Red Rock Cleans. Review terms and sign the agreement to join our team.",114,"Join the Red Rock Cleans team! Learn about requirements, benefits, and how to apply as a professional cleaning contractor. Start your application today!",152,✅ Optimized,"Hiring: Recruitment focused"
/terms-and-conditions,src\pages\TermsAndConditions.tsx,"Review the terms and conditions for using the services provided by Red Rock Cleans. Please read these terms carefully before using our website or booking our services.",167,"Review Red Rock Cleans' terms and conditions. Important information about using our website and booking our professional cleaning services.",139,✅ Optimized,"Terms: Legal clarity"
/warehouse-cleaning,src\pages\warehouse-cleaning\+Page.tsx,"Professional warehouse cleaning services. Red Rock Cleans improves safety and efficiency with comprehensive floor scrubbing, high-bay dusting, and more for logistics centers.",174,"Professional warehouse cleaning services by Red Rock Cleans. Trusted experts delivering exceptional results across all locations. Get your free quote today!",156,✅ Optimized,"General service page: Service-specific benefits with CTA"